,Amplitude
0,0.0
1,415.0
2,415.0
3,415.0
4,415.0
5,415.0
6,415.0
7,415.0
8,415.0
9,415.0
10,415.0
11,6.0
12,416.0
13,416.0
14,416.0
15,416.0
16,415.0
17,416.0
18,416.0
19,416.0
20,415.0
21,416.0
22,415.0
23,415.0
24,415.0
25,415.0
26,415.0
27,415.0
28,415.0
29,415.0
30,415.0
31,415.0
32,415.0
33,415.0
34,415.0
35,415.0
36,415.0
37,405.0
38,405.0
39,405.0
40,406.0
41,406.0
42,406.0
43,406.0
44,406.0
45,406.0
46,406.0
47,406.0
48,406.0
49,406.0
50,406.0
51,406.0
52,407.0
53,407.0
54,407.0
55,407.0
56,407.0
57,407.0
58,407.0
59,407.0
60,407.0
61,407.0
62,407.0
63,407.0
64,407.0
65,408.0
66,408.0
67,408.0
68,408.0
69,408.0
70,408.0
71,409.0
72,408.0
73,409.0
74,409.0
75,409.0
76,409.0
77,409.0
78,409.0
79,409.0
80,409.0
81,409.0
82,409.0
83,409.0
84,410.0
85,409.0
86,409.0
87,410.0
88,409.0
89,409.0
90,410.0
91,410.0
92,410.0
93,410.0
94,410.0
95,410.0
96,410.0
97,411.0
98,410.0
99,410.0
100,410.0
101,411.0
102,410.0
103,411.0
104,411.0
105,411.0
106,411.0
107,411.0
108,411.0
109,411.0
110,411.0
111,412.0
112,412.0
113,412.0
114,411.0
115,412.0
116,411.0
117,412.0
118,412.0
119,412.0
120,412.0
121,412.0
122,412.0
123,413.0
124,413.0
125,413.0
126,413.0
127,412.0
128,412.0
129,412.0
130,413.0
131,413.0
132,413.0
133,413.0
134,413.0
135,413.0
136,413.0
137,413.0
138,413.0
139,413.0
140,413.0
141,413.0
142,413.0
143,414.0
144,414.0
145,414.0
146,414.0
147,414.0
148,414.0
149,414.0
150,414.0
151,414.0
152,414.0
153,414.0
154,414.0
155,414.0
156,414.0
157,414.0
158,414.0
159,415.0
160,415.0
161,415.0
162,415.0
163,415.0
164,415.0
165,415.0
166,415.0
167,415.0
168,415.0
169,415.0
170,415.0
171,415.0
172,415.0
173,415.0
174,415.0
175,416.0
176,415.0
177,415.0
178,416.0
179,415.0
180,415.0
181,415.0
182,416.0
183,416.0
184,416.0
185,416.0
186,416.0
187,416.0
188,416.0
189,416.0
190,416.0
191,416.0
192,416.0
193,416.0
194,416.0
195,416.0
196,416.0
197,416.0
198,416.0
199,416.0
200,416.0
201,416.0
202,416.0
203,416.0
204,417.0
205,417.0
206,416.0
207,416.0
208,417.0
209,416.0
210,417.0
211,417.0
212,417.0
213,417.0
214,417.0
215,417.0
216,417.0
217,417.0
218,417.0
219,417.0
220,417.0
221,417.0
222,417.0
223,417.0
224,417.0
225,417.0
226,417.0
227,417.0
228,417.0
229,417.0
230,417.0
231,417.0
232,417.0
233,417.0
234,417.0
235,417.0
236,417.0
237,417.0
238,417.0
239,417.0
240,417.0
241,417.0
242,417.0
243,417.0
244,417.0
245,417.0
246,417.0
247,417.0
248,417.0
249,417.0
250,417.0
251,417.0
252,417.0
253,417.0
254,417.0
255,417.0
256,417.0
257,417.0
258,417.0
259,417.0
260,417.0
261,417.0
262,417.0
263,417.0
264,417.0
265,417.0
266,417.0
267,417.0
268,417.0
269,417.0
270,417.0
271,417.0
272,417.0
273,417.0
274,417.0
275,417.0
276,417.0
277,417.0
278,417.0
279,417.0
280,417.0
281,417.0
282,417.0
283,417.0
284,416.0
285,416.0
286,417.0
287,416.0
288,417.0
289,417.0
290,417.0
291,417.0
292,417.0
293,416.0
294,416.0
295,416.0
296,416.0
297,416.0
298,416.0
299,416.0
300,416.0
301,416.0
302,416.0
303,416.0
304,416.0
305,416.0
306,416.0
307,416.0
308,416.0
309,416.0
310,416.0
311,416.0
312,416.0
313,416.0
314,416.0
315,416.0
316,416.0
317,416.0
318,415.0
319,416.0
320,416.0
321,415.0
322,415.0
323,415.0
324,415.0
325,415.0
326,415.0
327,415.0
328,415.0
329,415.0
330,415.0
331,415.0
332,415.0
333,415.0
334,415.0
335,415.0
336,415.0
337,415.0
338,415.0
339,414.0
340,414.0
341,414.0
342,414.0
343,414.0
344,414.0
345,414.0
346,414.0
347,414.0
348,414.0
349,414.0
350,414.0
351,414.0
352,414.0
353,414.0
354,414.0
355,414.0
356,414.0
357,414.0
358,413.0
359,414.0
360,413.0
361,413.0
362,413.0
363,413.0
364,413.0
365,413.0
366,413.0
367,413.0
368,413.0
369,413.0
370,413.0
371,413.0
372,413.0
373,412.0
374,412.0
375,412.0
376,412.0
377,412.0
378,412.0
379,412.0
380,412.0
381,412.0
382,412.0
383,412.0
384,412.0
385,412.0
386,412.0
387,411.0
388,411.0
389,411.0
390,411.0
391,411.0
392,411.0
393,411.0
394,411.0
395,411.0
396,411.0
397,411.0
398,411.0
399,411.0
400,410.0
401,410.0
402,410.0
403,410.0
404,410.0
405,410.0
406,410.0
407,410.0
408,410.0
409,410.0
410,410.0
411,410.0
412,410.0
413,409.0
414,409.0
415,409.0
416,409.0
417,409.0
418,409.0
419,409.0
420,409.0
421,409.0
422,409.0
423,409.0
424,409.0
425,409.0
426,408.0
427,408.0
428,408.0
429,408.0
430,408.0
431,408.0
432,408.0
433,408.0
434,408.0
435,408.0
436,408.0
437,407.0
438,407.0
439,407.0
440,407.0
441,407.0
442,407.0
443,407.0
444,407.0
445,407.0
446,407.0
447,407.0
448,407.0
449,406.0
450,406.0
451,406.0
452,406.0
453,406.0
454,406.0
455,406.0
456,406.0
457,406.0
458,406.0
459,406.0
460,406.0
461,406.0
462,406.0
463,406.0
464,405.0
465,405.0
466,405.0
467,405.0
468,405.0
469,405.0
470,405.0
471,405.0
472,405.0
473,405.0
474,405.0
475,405.0
476,405.0
477,405.0
478,404.0
479,404.0
480,404.0
481,404.0
482,404.0
483,404.0
484,404.0
485,404.0
486,404.0
487,404.0
488,404.0
489,404.0
490,404.0
491,404.0
492,404.0
493,403.0
494,403.0
495,403.0
496,403.0
497,403.0
498,403.0
499,403.0
500,403.0
501,403.0
502,403.0
503,403.0
504,403.0
505,402.0
506,402.0
507,402.0
508,402.0
509,402.0
510,402.0
511,402.0
512,402.0
513,402.0
514,402.0
515,402.0
516,402.0
517,401.0
518,401.0
519,401.0
520,401.0
521,401.0
522,401.0
523,401.0
524,401.0
525,401.0
526,401.0
527,401.0
528,401.0
529,401.0
530,402.0
531,402.0
532,404.0
533,403.0
534,404.0
535,404.0
536,404.0
537,404.0
538,404.0
539,404.0
540,404.0
541,404.0
542,404.0
543,403.0
544,402.0
545,402.0
546,402.0
547,403.0
548,403.0
549,403.0
550,403.0
551,403.0
552,403.0
553,403.0
554,405.0
555,403.0
556,405.0
557,405.0
558,405.0
559,404.0
560,405.0
561,404.0
562,404.0
563,403.0
564,403.0
565,403.0
566,402.0
567,402.0
568,402.0
569,402.0
570,401.0
571,401.0
572,402.0
573,401.0
574,401.0
575,402.0
576,402.0
577,402.0
578,402.0
579,402.0
580,402.0
581,403.0
582,403.0
583,402.0
584,402.0
585,402.0
586,402.0
587,402.0
588,402.0
589,402.0
590,402.0
591,403.0
592,403.0
593,404.0
594,404.0
595,406.0
596,409.0
597,409.0
598,407.0
599,407.0
600,407.0
601,406.0
602,405.0
603,405.0
604,405.0
605,405.0
606,405.0
607,405.0
608,403.0
609,399.0
610,398.0
611,398.0
612,398.0
613,398.0
614,398.0
615,398.0
616,398.0
617,398.0
618,398.0
619,398.0
620,398.0
621,398.0
622,397.0
623,397.0
624,397.0
625,397.0
626,397.0
627,397.0
628,398.0
629,398.0
630,398.0
631,398.0
632,398.0
633,399.0
634,398.0
635,398.0
636,398.0
637,399.0
638,400.0
639,401.0
640,402.0
641,403.0
642,403.0
643,404.0
644,404.0
645,403.0
646,403.0
647,403.0
648,404.0
649,403.0
650,402.0
651,402.0
652,402.0
653,402.0
654,403.0
655,403.0
656,402.0
657,403.0
658,402.0
659,402.0
660,402.0
661,402.0
662,402.0
663,402.0
664,402.0
665,402.0
666,403.0
667,403.0
668,403.0
669,403.0
670,403.0
671,403.0
672,404.0
673,403.0
674,403.0
675,403.0
676,403.0
677,402.0
678,403.0
679,403.0
680,403.0
681,403.0
682,403.0
683,403.0
684,403.0
685,403.0
686,403.0
687,403.0
688,403.0
689,403.0
690,403.0
691,402.0
692,403.0
693,403.0
694,403.0
695,403.0
696,403.0
697,403.0
698,403.0
699,403.0
700,403.0
701,403.0
702,403.0
703,403.0
704,403.0
705,403.0
706,403.0
707,403.0
708,403.0
709,402.0
710,402.0
711,402.0
712,401.0
713,401.0
714,400.0
715,400.0
716,400.0
717,400.0
718,400.0
719,400.0
720,400.0
721,400.0
722,400.0
723,400.0
724,400.0
725,400.0
726,400.0
727,400.0
728,400.0
729,400.0
730,400.0
731,400.0
732,400.0
733,400.0
734,400.0
735,401.0
736,401.0
737,401.0
738,401.0
739,401.0
740,400.0
741,401.0
742,400.0
743,401.0
744,401.0
745,401.0
746,401.0
747,401.0
748,401.0
749,401.0
750,401.0
751,401.0
752,401.0
753,401.0
754,401.0
755,401.0
756,401.0
757,401.0
758,402.0
759,402.0
760,402.0
761,402.0
762,402.0
763,402.0
764,402.0
765,402.0
766,402.0
767,402.0
768,402.0
769,402.0
770,402.0
771,402.0
772,403.0
773,403.0
774,403.0
775,403.0
776,403.0
777,403.0
778,403.0
779,403.0
780,403.0
781,403.0
782,403.0
783,403.0
784,403.0
785,403.0
786,404.0
787,404.0
788,404.0
789,404.0
790,404.0
791,404.0
792,404.0
793,404.0
794,404.0
795,404.0
796,404.0
797,404.0
798,404.0
799,404.0
800,405.0
801,405.0
802,405.0
803,405.0
804,405.0
805,405.0
806,405.0
807,405.0
808,405.0
809,405.0
810,405.0
811,405.0
812,406.0
813,406.0
814,406.0
815,406.0
816,406.0
817,406.0
818,406.0
819,406.0
820,406.0
821,406.0
822,406.0
823,406.0
824,406.0
825,407.0
826,407.0
827,407.0
828,407.0
829,407.0
830,407.0
831,407.0
832,407.0
833,407.0
834,407.0
835,407.0
836,407.0
837,407.0
838,408.0
839,408.0
840,408.0
841,408.0
842,408.0
843,408.0
844,408.0
845,408.0
846,408.0
847,408.0
848,408.0
849,408.0
850,409.0
851,409.0
852,409.0
853,409.0
854,409.0
855,409.0
856,409.0
857,409.0
858,409.0
859,409.0
860,409.0
861,409.0
862,409.0
863,410.0
864,410.0
865,410.0
866,410.0
867,410.0
868,410.0
869,410.0
870,410.0
871,410.0
872,410.0
873,410.0
874,411.0
875,411.0
876,411.0
877,411.0
878,411.0
879,411.0
880,411.0
881,411.0
882,411.0
883,412.0
884,412.0
885,411.0
886,411.0
887,411.0
888,412.0
889,412.0
890,412.0
891,412.0
892,412.0
893,412.0
894,412.0
895,412.0
896,412.0
897,412.0
898,412.0
899,412.0
900,412.0
901,413.0
902,413.0
903,413.0
904,413.0
905,413.0
906,413.0
907,413.0
908,413.0
909,413.0
910,413.0
911,413.0
912,413.0
913,413.0
914,413.0
915,413.0
916,413.0
917,413.0
918,413.0
919,414.0
920,414.0
921,414.0
922,414.0
923,414.0
924,414.0
925,414.0
926,414.0
927,414.0
928,414.0
929,415.0
930,414.0
931,415.0
932,415.0
933,415.0
934,415.0
935,415.0
936,415.0
937,415.0
938,415.0
939,415.0
940,415.0
941,415.0
942,416.0
943,416.0
944,415.0
945,415.0
946,416.0
947,416.0
948,416.0
949,416.0
950,416.0
951,416.0
952,416.0
953,416.0
954,416.0
955,416.0
956,416.0
957,416.0
958,416.0
959,416.0
960,416.0
961,416.0
962,416.0
963,416.0
964,416.0
965,416.0
966,416.0
967,416.0
968,416.0
969,416.0
970,416.0
971,416.0
972,416.0
973,416.0
974,416.0
975,416.0
976,416.0
977,416.0
978,416.0
979,416.0
980,416.0
981,417.0
982,417.0
983,417.0
984,417.0
985,417.0
986,417.0
987,417.0
988,417.0
989,417.0
990,417.0
991,417.0
992,417.0
993,417.0
994,417.0
995,417.0
996,417.0
997,417.0
998,417.0
999,417.0
1000,417.0
1001,417.0
1002,417.0
1003,417.0
1004,417.0
1005,417.0
1006,417.0
1007,417.0
1008,417.0
1009,418.0
1010,417.0
1011,417.0
1012,417.0
1013,417.0
1014,417.0
1015,417.0
1016,417.0
1017,417.0
1018,417.0
1019,417.0
1020,417.0
1021,417.0
1022,417.0
1023,417.0
1024,417.0
1025,417.0
1026,417.0
1027,417.0
1028,417.0
1029,417.0
1030,417.0
1031,417.0
1032,417.0
1033,418.0
1034,418.0
1035,417.0
1036,417.0
1037,417.0
1038,417.0
1039,417.0
1040,417.0
1041,417.0
1042,417.0
1043,417.0
1044,417.0
1045,417.0
1046,418.0
1047,417.0
1048,417.0
1049,417.0
1050,417.0
1051,417.0
1052,417.0
1053,417.0
1054,417.0
1055,417.0
1056,417.0
1057,417.0
1058,417.0
1059,417.0
1060,417.0
1061,417.0
1062,417.0
1063,417.0
1064,417.0
1065,417.0
1066,417.0
1067,417.0
1068,417.0
1069,417.0
1070,417.0
1071,417.0
1072,417.0
1073,417.0
1074,417.0
1075,417.0
1076,417.0
1077,417.0
1078,417.0
1079,417.0
1080,417.0
1081,416.0
1082,416.0
1083,416.0
1084,417.0
1085,417.0
1086,417.0
1087,417.0
1088,416.0
1089,416.0
1090,416.0
1091,416.0
1092,416.0
1093,416.0
1094,416.0
1095,416.0
1096,416.0
1097,416.0
1098,416.0
1099,416.0
1100,416.0
1101,416.0
1102,416.0
1103,416.0
1104,416.0
1105,416.0
1106,415.0
1107,415.0
1108,415.0
1109,415.0
1110,415.0
1111,415.0
1112,415.0
1113,415.0
1114,415.0
1115,415.0
1116,415.0
1117,415.0
1118,415.0
1119,415.0
1120,415.0
1121,415.0
1122,415.0
1123,415.0
1124,415.0
1125,415.0
1126,415.0
1127,415.0
1128,414.0
1129,415.0
1130,415.0
1131,414.0
1132,414.0
1133,414.0
1134,414.0
1135,414.0
1136,414.0
1137,414.0
1138,414.0
1139,414.0
1140,414.0
1141,414.0
1142,414.0
1143,414.0
1144,413.0
1145,413.0
1146,413.0
1147,413.0
1148,413.0
1149,413.0
1150,413.0
1151,413.0
1152,413.0
1153,413.0
1154,413.0
1155,413.0
1156,413.0
1157,413.0
1158,412.0
1159,412.0
1160,412.0
1161,412.0
1162,412.0
1163,412.0
1164,412.0
1165,412.0
1166,412.0
1167,412.0
1168,412.0
1169,412.0
1170,412.0
1171,411.0
1172,411.0
1173,411.0
1174,411.0
1175,411.0
1176,411.0
1177,411.0
1178,411.0
1179,411.0
1180,411.0
1181,411.0
1182,411.0
1183,411.0
1184,410.0
1185,410.0
1186,410.0
1187,410.0
1188,410.0
1189,410.0
1190,410.0
1191,410.0
1192,410.0
1193,410.0
1194,410.0
1195,410.0
1196,410.0
1197,409.0
1198,409.0
1199,409.0
1200,409.0
1201,409.0
1202,409.0
1203,409.0
1204,409.0
1205,409.0
1206,409.0
1207,409.0
1208,409.0
1209,409.0
1210,409.0
1211,408.0
1212,408.0
1213,408.0
1214,408.0
1215,408.0
1216,408.0
1217,408.0
1218,408.0
1219,408.0
1220,408.0
1221,408.0
1222,408.0
1223,407.0
1224,407.0
1225,407.0
1226,407.0
1227,407.0
1228,407.0
1229,407.0
1230,407.0
1231,407.0
1232,407.0
1233,407.0
1234,407.0
1235,407.0
1236,406.0
1237,406.0
1238,406.0
1239,406.0
1240,406.0
1241,406.0
1242,406.0
1243,406.0
1244,406.0
1245,406.0
1246,406.0
1247,406.0
1248,405.0
1249,405.0
1250,405.0
1251,405.0
1252,405.0
1253,405.0
1254,405.0
1255,405.0
1256,405.0
1257,405.0
1258,405.0
1259,405.0
1260,405.0
1261,405.0
1262,404.0
1263,404.0
1264,404.0
1265,404.0
1266,404.0
1267,404.0
1268,404.0
1269,404.0
1270,404.0
1271,404.0
1272,404.0
1273,404.0
1274,403.0
1275,403.0
1276,403.0
1277,403.0
1278,403.0
1279,403.0
1280,403.0
1281,403.0
1282,403.0
1283,403.0
1284,403.0
1285,403.0
1286,402.0
1287,402.0
1288,402.0
1289,402.0
1290,402.0
1291,402.0
1292,402.0
1293,402.0
1294,402.0
1295,402.0
1296,402.0
1297,402.0
1298,402.0
1299,402.0
1300,402.0
1301,401.0
1302,401.0
1303,401.0
1304,401.0
1305,401.0
1306,401.0
1307,401.0
1308,401.0
1309,401.0
1310,401.0
1311,401.0
1312,401.0
1313,401.0
1314,401.0
1315,400.0
1316,400.0
1317,400.0
1318,401.0
1319,400.0
1320,400.0
1321,400.0
1322,400.0
1323,400.0
1324,400.0
1325,400.0
1326,400.0
1327,400.0
1328,400.0
1329,400.0
1330,400.0
1331,400.0
1332,400.0
1333,399.0
1334,400.0
1335,400.0
1336,399.0
1337,399.0
1338,399.0
1339,400.0
1340,399.0
1341,399.0
1342,399.0
1343,399.0
1344,399.0
1345,399.0
1346,399.0
1347,399.0
1348,399.0
1349,399.0
1350,399.0
1351,399.0
1352,399.0
1353,399.0
1354,398.0
1355,398.0
1356,398.0
1357,398.0
1358,398.0
1359,398.0
1360,398.0
1361,398.0
1362,398.0
1363,398.0
1364,398.0
1365,398.0
1366,398.0
1367,398.0
1368,398.0
1369,398.0
1370,398.0
1371,398.0
1372,398.0
1373,398.0
1374,398.0
1375,398.0
1376,398.0
1377,398.0
1378,398.0
1379,398.0
1380,397.0
1381,397.0
1382,397.0
1383,397.0
1384,397.0
1385,397.0
1386,397.0
1387,397.0
1388,398.0
1389,397.0
1390,397.0
1391,397.0
1392,397.0
1393,397.0
1394,397.0
1395,397.0
1396,397.0
1397,397.0
1398,397.0
1399,397.0
1400,397.0
1401,397.0
1402,397.0
1403,397.0
1404,397.0
1405,397.0
1406,397.0
1407,397.0
1408,397.0
1409,397.0
1410,397.0
1411,397.0
1412,397.0
1413,397.0
1414,397.0
1415,397.0
1416,397.0
1417,397.0
1418,397.0
1419,397.0
1420,397.0
1421,397.0
1422,397.0
1423,397.0
1424,397.0
1425,397.0
1426,397.0
1427,397.0
1428,397.0
1429,397.0
1430,397.0
1431,397.0
1432,397.0
1433,397.0
1434,397.0
1435,397.0
1436,397.0
1437,397.0
1438,397.0
1439,397.0
1440,397.0
1441,397.0
1442,397.0
1443,397.0
1444,397.0
1445,397.0
1446,397.0
1447,397.0
1448,397.0
1449,397.0
1450,397.0
1451,397.0
1452,397.0
1453,397.0
1454,397.0
1455,397.0
1456,397.0
1457,397.0
1458,397.0
1459,397.0
1460,397.0
1461,397.0
1462,397.0
1463,397.0
1464,397.0
1465,397.0
1466,397.0
1467,397.0
1468,397.0
1469,397.0
1470,398.0
1471,397.0
1472,397.0
1473,397.0
1474,397.0
1475,397.0
1476,398.0
1477,398.0
1478,398.0
1479,398.0
1480,398.0
1481,398.0
1482,398.0
1483,398.0
1484,398.0
1485,398.0
1486,398.0
1487,398.0
1488,398.0
1489,398.0
1490,398.0
1491,398.0
1492,398.0
1493,398.0
1494,398.0
1495,398.0
1496,398.0
1497,398.0
1498,398.0
1499,398.0
1500,398.0
1501,398.0
1502,399.0
1503,399.0
1504,399.0
1505,399.0
1506,399.0
1507,399.0
1508,399.0
1509,399.0
1510,399.0
1511,399.0
1512,399.0
1513,399.0
1514,399.0
1515,399.0
1516,399.0
1517,400.0
1518,400.0
1519,399.0
1520,400.0
1521,400.0
1522,400.0
1523,400.0
1524,400.0
1525,400.0
1526,400.0
1527,400.0
1528,400.0
1529,400.0
1530,400.0
1531,400.0
1532,400.0
1533,400.0
1534,400.0
1535,400.0
1536,400.0
1537,400.0
1538,401.0
1539,401.0
1540,401.0
1541,401.0
1542,401.0
1543,401.0
1544,401.0
1545,401.0
1546,401.0
1547,401.0
1548,401.0
1549,401.0
1550,401.0
1551,401.0
1552,401.0
1553,402.0
1554,402.0
1555,402.0
1556,402.0
1557,402.0
1558,402.0
1559,402.0
1560,402.0
1561,402.0
1562,402.0
1563,402.0
1564,402.0
1565,403.0
1566,403.0
1567,403.0
1568,403.0
1569,403.0
1570,403.0
1571,403.0
1572,403.0
1573,403.0
1574,403.0
1575,403.0
1576,403.0
1577,403.0
1578,403.0
1579,403.0
1580,404.0
1581,404.0
1582,404.0
1583,404.0
1584,404.0
1585,404.0
1586,404.0
1587,404.0
1588,404.0
1589,404.0
1590,404.0
1591,404.0
1592,405.0
1593,405.0
1594,405.0
1595,405.0
1596,405.0
1597,405.0
1598,405.0
1599,405.0
1600,405.0
1601,405.0
1602,405.0
1603,405.0
1604,405.0
1605,406.0
1606,406.0
1607,406.0
1608,406.0
1609,406.0
1610,406.0
1611,406.0
1612,406.0
1613,406.0
1614,406.0
1615,406.0
1616,406.0
1617,406.0
1618,407.0
1619,407.0
1620,407.0
1621,407.0
1622,407.0
1623,407.0
1624,407.0
1625,408.0
1626,407.0
1627,407.0
1628,407.0
1629,407.0
1630,407.0
1631,408.0
1632,408.0
1633,408.0
1634,408.0
1635,408.0
1636,408.0
1637,408.0
1638,408.0
1639,408.0
1640,408.0
1641,408.0
1642,408.0
1643,409.0
1644,409.0
1645,409.0
1646,409.0
1647,409.0
1648,409.0
1649,409.0
1650,410.0
1651,409.0
1652,409.0
1653,410.0
1654,409.0
1655,410.0
1656,410.0
1657,410.0
1658,410.0
1659,410.0
1660,410.0
1661,410.0
1662,410.0
1663,410.0
1664,411.0
1665,411.0
1666,411.0
1667,411.0
1668,410.0
1669,411.0
1670,411.0
1671,411.0
1672,411.0
1673,412.0
1674,412.0
1675,411.0
1676,411.0
1677,411.0
1678,411.0
1679,412.0
1680,411.0
1681,411.0
1682,412.0
1683,412.0
1684,412.0
1685,412.0
1686,412.0
1687,412.0
1688,412.0
1689,413.0
1690,412.0
1691,413.0
1692,413.0
1693,412.0
1694,413.0
1695,413.0
1696,413.0
1697,413.0
1698,413.0
1699,413.0
1700,413.0
1701,413.0
1702,413.0
1703,413.0
1704,413.0
1705,413.0
1706,413.0
1707,413.0
1708,413.0
1709,414.0
1710,414.0
1711,414.0
1712,414.0
1713,414.0
1714,414.0
1715,414.0
1716,414.0
1717,414.0
1718,414.0
1719,414.0
1720,414.0
1721,414.0
1722,414.0
1723,414.0
1724,415.0
1725,415.0
1726,415.0
1727,415.0
1728,415.0
1729,415.0
1730,415.0
1731,415.0
1732,415.0
1733,415.0
1734,415.0
1735,415.0
1736,415.0
1737,415.0
1738,415.0
1739,415.0
1740,415.0
1741,416.0
1742,416.0
1743,416.0
1744,415.0
1745,416.0
1746,415.0
1747,415.0
1748,416.0
1749,415.0
1750,416.0
1751,416.0
1752,416.0
1753,416.0
1754,416.0
1755,416.0
1756,416.0
1757,416.0
1758,416.0
1759,416.0
1760,416.0
1761,416.0
1762,416.0
1763,416.0
1764,416.0
1765,416.0
1766,417.0
1767,417.0
1768,417.0
1769,417.0
1770,417.0
1771,416.0
1772,417.0
1773,416.0
1774,417.0
1775,417.0
1776,417.0
1777,417.0
1778,417.0
1779,417.0
1780,417.0
1781,417.0
1782,417.0
1783,417.0
1784,417.0
1785,417.0
1786,417.0
1787,417.0
1788,417.0
1789,417.0
1790,417.0
1791,417.0
1792,417.0
1793,417.0
1794,417.0
1795,417.0
1796,417.0
1797,417.0
1798,417.0
1799,417.0
1800,417.0
1801,417.0
1802,417.0
1803,417.0
1804,417.0
1805,417.0
1806,417.0
1807,417.0
1808,417.0
1809,417.0
1810,417.0
1811,417.0
1812,417.0
1813,417.0
1814,417.0
1815,417.0
1816,417.0
1817,417.0
1818,417.0
1819,417.0
1820,418.0
1821,417.0
1822,418.0
1823,417.0
1824,417.0
1825,417.0
1826,417.0
1827,417.0
1828,417.0
1829,417.0
1830,417.0
1831,417.0
1832,417.0
1833,417.0
1834,417.0
1835,417.0
1836,417.0
1837,417.0
1838,417.0
1839,417.0
1840,417.0
1841,417.0
1842,417.0
1843,417.0
1844,417.0
1845,417.0
1846,417.0
1847,417.0
1848,417.0
1849,417.0
1850,416.0
1851,417.0
1852,417.0
1853,417.0
1854,417.0
1855,417.0
1856,417.0
1857,417.0
1858,417.0
1859,417.0
1860,417.0
1861,417.0
1862,417.0
1863,416.0
1864,416.0
1865,416.0
1866,416.0
1867,416.0
1868,416.0
1869,416.0
1870,416.0
1871,416.0
1872,416.0
1873,416.0
1874,416.0
1875,416.0
1876,416.0
1877,416.0
1878,416.0
1879,416.0
1880,416.0
1881,416.0
1882,416.0
1883,416.0
1884,416.0
1885,416.0
1886,416.0
1887,416.0
1888,416.0
1889,415.0
1890,415.0
1891,415.0
1892,415.0
1893,415.0
1894,415.0
1895,415.0
1896,415.0
1897,415.0
1898,415.0
1899,415.0
1900,415.0
1901,415.0
1902,415.0
1903,415.0
1904,415.0
1905,415.0
1906,415.0
1907,415.0
1908,415.0
1909,415.0
1910,414.0
1911,414.0
1912,414.0
1913,414.0
1914,415.0
1915,414.0
1916,414.0
1917,414.0
1918,414.0
1919,414.0
1920,414.0
1921,414.0
1922,414.0
1923,414.0
1924,414.0
1925,414.0
1926,414.0
1927,414.0
1928,413.0
1929,413.0
1930,413.0
1931,413.0
1932,413.0
1933,413.0
1934,413.0
1935,413.0
1936,413.0
1937,413.0
1938,413.0
1939,413.0
1940,412.0
1941,412.0
1942,412.0
1943,412.0
1944,412.0
1945,412.0
1946,412.0
1947,412.0
1948,412.0
1949,412.0
1950,412.0
1951,412.0
1952,412.0
1953,412.0
1954,411.0
1955,411.0
1956,411.0
1957,411.0
1958,411.0
1959,411.0
1960,411.0
1961,411.0
1962,411.0
1963,411.0
1964,411.0
1965,411.0
1966,411.0
1967,411.0
1968,411.0
1969,410.0
1970,410.0
1971,411.0
1972,411.0
1973,410.0
1974,410.0
1975,410.0
1976,410.0
1977,410.0
1978,410.0
1979,410.0
1980,410.0
1981,409.0
1982,409.0
1983,409.0
1984,409.0
1985,410.0
1986,409.0
1987,409.0
1988,409.0
1989,409.0
1990,409.0
1991,409.0
1992,408.0
1993,408.0
1994,408.0
1995,408.0
1996,408.0
1997,408.0
1998,408.0
1999,408.0
2000,408.0
2001,408.0
2002,408.0
2003,408.0
2004,408.0
2005,408.0
2006,407.0
2007,407.0
2008,407.0
2009,407.0
2010,407.0
2011,407.0
2012,407.0
2013,407.0
2014,407.0
2015,407.0
2016,407.0
2017,406.0
2018,406.0
2019,406.0
2020,406.0
2021,406.0
2022,406.0
2023,406.0
2024,406.0
2025,406.0
2026,406.0
2027,406.0
2028,405.0
2029,406.0
2030,406.0
2031,405.0
2032,405.0
2033,405.0
2034,405.0
2035,405.0
2036,405.0
2037,405.0
2038,405.0
2039,405.0
2040,405.0
2041,405.0
2042,404.0
2043,404.0
2044,404.0
2045,404.0
2046,404.0
2047,404.0
2048,404.0
2049,404.0
2050,404.0
2051,404.0
2052,404.0
2053,404.0
2054,404.0
2055,403.0
2056,403.0
2057,403.0
2058,403.0
2059,403.0
2060,403.0
2061,403.0
2062,403.0
2063,403.0
2064,403.0
2065,403.0
2066,403.0
2067,402.0
2068,403.0
2069,402.0
2070,402.0
2071,402.0
2072,402.0
2073,402.0
2074,402.0
2075,402.0
2076,402.0
2077,402.0
2078,402.0
2079,402.0
2080,402.0
2081,401.0
2082,401.0
2083,401.0
2084,401.0
2085,401.0
2086,401.0
2087,401.0
2088,401.0
2089,401.0
2090,401.0
2091,401.0
2092,401.0
2093,401.0
2094,401.0
2095,401.0
2096,401.0
2097,400.0
2098,400.0
2099,400.0
2100,400.0
2101,400.0
2102,400.0
2103,400.0
2104,400.0
2105,400.0
2106,400.0
2107,400.0
2108,400.0
2109,400.0
2110,400.0
2111,399.0
2112,399.0
2113,399.0
2114,399.0
2115,399.0
2116,400.0
2117,399.0
2118,399.0
2119,399.0
2120,399.0
2121,399.0
2122,399.0
2123,399.0
2124,399.0
2125,399.0
2126,399.0
2127,399.0
2128,399.0
2129,399.0
2130,399.0
2131,399.0
2132,399.0
2133,399.0
2134,399.0
2135,398.0
2136,398.0
2137,398.0
2138,398.0
2139,398.0
2140,398.0
2141,398.0
2142,398.0
2143,398.0
2144,398.0
2145,398.0
2146,398.0
2147,398.0
2148,398.0
2149,398.0
2150,398.0
2151,398.0
2152,398.0
2153,398.0
2154,398.0
2155,398.0
2156,398.0
2157,398.0
2158,397.0
2159,398.0
2160,398.0
2161,397.0
2162,397.0
2163,397.0
2164,397.0
2165,397.0
2166,397.0
2167,397.0
2168,397.0
2169,397.0
2170,397.0
2171,397.0
2172,397.0
2173,397.0
2174,397.0
2175,397.0
2176,397.0
2177,397.0
2178,397.0
2179,397.0
2180,397.0
2181,397.0
2182,397.0
2183,397.0
2184,397.0
2185,397.0
2186,397.0
2187,397.0
2188,397.0
2189,397.0
2190,397.0
2191,397.0
2192,397.0
2193,397.0
2194,397.0
2195,397.0
2196,397.0
2197,397.0
2198,397.0
2199,397.0
2200,397.0
2201,397.0
2202,397.0
2203,397.0
2204,397.0
2205,397.0
2206,397.0
2207,397.0
2208,397.0
2209,397.0
2210,397.0
2211,397.0
2212,397.0
2213,397.0
2214,397.0
2215,397.0
2216,397.0
2217,397.0
2218,397.0
2219,397.0
2220,397.0
2221,397.0
2222,397.0
2223,397.0
2224,397.0
2225,397.0
2226,397.0
2227,397.0
2228,397.0
2229,397.0
2230,397.0
2231,397.0
2232,397.0
2233,397.0
2234,397.0
2235,397.0
2236,397.0
2237,397.0
2238,397.0
2239,397.0
2240,397.0
2241,397.0
2242,397.0
2243,397.0
2244,397.0
2245,397.0
2246,397.0
2247,397.0
2248,397.0
2249,397.0
2250,397.0
2251,397.0
2252,398.0
2253,398.0
2254,397.0
2255,397.0
2256,397.0
2257,397.0
2258,398.0
2259,397.0
2260,398.0
2261,398.0
2262,398.0
2263,398.0
2264,398.0
2265,398.0
2266,398.0
2267,398.0
2268,398.0
2269,398.0
2270,398.0
2271,398.0
2272,398.0
2273,398.0
2274,398.0
2275,398.0
2276,398.0
2277,398.0
2278,398.0
2279,398.0
2280,398.0
2281,398.0
2282,398.0
2283,398.0
2284,398.0
2285,398.0
2286,399.0
2287,399.0
2288,399.0
2289,399.0
2290,399.0
2291,399.0
2292,399.0
2293,399.0
2294,399.0
2295,399.0
2296,399.0
2297,399.0
2298,399.0
2299,399.0
2300,399.0
2301,399.0
2302,399.0
2303,400.0
2304,399.0
2305,400.0
2306,399.0
2307,400.0
2308,400.0
2309,400.0
2310,400.0
2311,400.0
2312,400.0
2313,400.0
2314,400.0
2315,400.0
2316,400.0
2317,400.0
2318,400.0
2319,400.0
2320,400.0
2321,400.0
2322,400.0
2323,400.0
2324,401.0
2325,401.0
2326,401.0
2327,401.0
2328,401.0
2329,401.0
2330,401.0
2331,401.0
2332,401.0
2333,401.0
2334,401.0
2335,401.0
2336,401.0
2337,402.0
2338,402.0
2339,402.0
2340,402.0
2341,402.0
2342,402.0
2343,402.0
2344,402.0
2345,402.0
2346,402.0
2347,402.0
2348,402.0
2349,403.0
2350,402.0
2351,403.0
2352,403.0
2353,403.0
2354,403.0
2355,403.0
2356,403.0
2357,403.0
2358,403.0
2359,403.0
2360,403.0
2361,403.0
2362,403.0
2363,404.0
2364,403.0
2365,404.0
2366,404.0
2367,404.0
2368,404.0
2369,404.0
2370,404.0
2371,404.0
2372,404.0
2373,404.0
2374,404.0
2375,404.0
2376,404.0
2377,405.0
2378,405.0
2379,405.0
2380,405.0
2381,405.0
2382,405.0
2383,405.0
2384,405.0
2385,405.0
2386,405.0
2387,405.0
2388,405.0
2389,405.0
2390,406.0
2391,406.0
2392,406.0
2393,406.0
2394,406.0
2395,406.0
2396,406.0
2397,406.0
2398,406.0
2399,406.0
2400,407.0
2401,407.0
2402,407.0
2403,407.0
2404,407.0
2405,407.0
2406,407.0
2407,407.0
2408,407.0
2409,407.0
2410,407.0
2411,407.0
2412,407.0
2413,408.0
2414,408.0
2415,408.0
2416,408.0
2417,408.0
2418,408.0
2419,408.0
2420,408.0
2421,408.0
2422,408.0
2423,408.0
2424,408.0
2425,408.0
2426,408.0
2427,409.0
2428,409.0
2429,409.0
2430,409.0
2431,409.0
2432,409.0
2433,409.0
2434,409.0
2435,409.0
2436,409.0
2437,409.0
2438,409.0
2439,409.0
2440,410.0
2441,410.0
2442,410.0
2443,410.0
2444,410.0
2445,410.0
2446,410.0
2447,410.0
2448,411.0
2449,410.0
2450,411.0
2451,410.0
2452,411.0
2453,411.0
2454,411.0
2455,411.0
2456,411.0
2457,411.0
2458,411.0
2459,411.0
2460,411.0
2461,412.0
2462,412.0
2463,411.0
2464,412.0
2465,412.0
2466,412.0
2467,412.0
2468,412.0
2469,412.0
2470,412.0
2471,412.0
2472,412.0
2473,412.0
2474,412.0
2475,412.0
2476,413.0
2477,412.0
2478,412.0
2479,412.0
2480,413.0
2481,413.0
2482,413.0
2483,413.0
2484,413.0
2485,413.0
2486,413.0
2487,413.0
2488,413.0
2489,413.0
2490,413.0
2491,413.0
2492,413.0
2493,414.0
2494,414.0
2495,414.0
2496,414.0
2497,414.0
2498,414.0
2499,414.0
2500,414.0
2501,414.0
2502,414.0
2503,414.0
2504,414.0
2505,414.0
2506,414.0
2507,414.0
2508,415.0
2509,415.0
2510,415.0
2511,415.0
2512,415.0
2513,415.0
2514,415.0
2515,415.0
2516,415.0
2517,415.0
2518,415.0
2519,415.0
2520,415.0
2521,415.0
2522,415.0
2523,415.0
2524,415.0
2525,415.0
2526,415.0
2527,415.0
2528,415.0
2529,415.0
2530,415.0
2531,416.0
2532,416.0
2533,416.0
2534,416.0
2535,416.0
2536,416.0
2537,416.0
2538,416.0
2539,416.0
2540,416.0
2541,416.0
2542,416.0
2543,416.0
2544,416.0
2545,416.0
2546,416.0
2547,416.0
2548,417.0
2549,417.0
2550,417.0
2551,416.0
2552,416.0
2553,416.0
2554,416.0
2555,416.0
2556,416.0
2557,416.0
2558,416.0
2559,417.0
2560,417.0
2561,417.0
2562,417.0
2563,417.0
2564,417.0
2565,417.0
2566,417.0
2567,417.0
2568,417.0
2569,417.0
2570,417.0
2571,417.0
2572,417.0
2573,417.0
2574,417.0
2575,417.0
2576,417.0
2577,417.0
2578,417.0
2579,417.0
2580,417.0
2581,417.0
2582,417.0
2583,417.0
2584,417.0
2585,417.0
2586,417.0
2587,417.0
2588,417.0
2589,417.0
2590,417.0
2591,417.0
2592,417.0
2593,417.0
2594,417.0
2595,417.0
2596,417.0
2597,417.0
2598,417.0
2599,417.0
2600,417.0
2601,417.0
2602,417.0
2603,417.0
2604,417.0
2605,417.0
2606,417.0
2607,417.0
2608,417.0
2609,417.0
2610,417.0
2611,417.0
2612,417.0
2613,417.0
2614,417.0
2615,417.0
2616,417.0
2617,417.0
2618,417.0
2619,417.0
2620,417.0
2621,417.0
2622,417.0
2623,417.0
2624,417.0
2625,417.0
2626,417.0
2627,417.0
2628,417.0
2629,417.0
2630,417.0
2631,417.0
2632,417.0
2633,417.0
2634,417.0
2635,417.0
2636,417.0
2637,417.0
2638,417.0
2639,417.0
2640,417.0
2641,417.0
2642,417.0
2643,416.0
2644,417.0
2645,416.0
2646,416.0
2647,416.0
2648,416.0
2649,417.0
2650,416.0
2651,416.0
2652,416.0
2653,416.0
2654,416.0
2655,416.0
2656,416.0
2657,416.0
2658,416.0
2659,416.0
2660,416.0
2661,416.0
2662,416.0
2663,416.0
2664,416.0
2665,416.0
2666,416.0
2667,416.0
2668,416.0
2669,416.0
2670,416.0
2671,415.0
2672,415.0
2673,415.0
2674,415.0
2675,415.0
2676,415.0
2677,415.0
2678,415.0
2679,415.0
2680,415.0
2681,415.0
2682,415.0
2683,415.0
2684,415.0
2685,415.0
2686,415.0
2687,415.0
2688,415.0
2689,415.0
2690,415.0
2691,415.0
2692,415.0
2693,415.0
2694,414.0
2695,414.0
2696,414.0
2697,414.0
2698,414.0
2699,414.0
2700,414.0
2701,414.0
2702,414.0
2703,414.0
2704,414.0
2705,414.0
2706,414.0
2707,414.0
2708,414.0
2709,414.0
2710,413.0
2711,413.0
2712,413.0
2713,413.0
2714,413.0
2715,413.0
2716,413.0
2717,413.0
2718,413.0
2719,413.0
2720,413.0
2721,413.0
2722,413.0
2723,412.0
2724,413.0
2725,412.0
2726,412.0
2727,412.0
2728,412.0
2729,412.0
2730,412.0
2731,412.0
2732,412.0
2733,412.0
2734,412.0
2735,412.0
2736,412.0
2737,411.0
2738,411.0
2739,411.0
2740,412.0
2741,411.0
2742,411.0
2743,412.0
2744,411.0
2745,411.0
2746,411.0
2747,411.0
2748,411.0
2749,411.0
2750,411.0
2751,410.0
2752,410.0
2753,410.0
2754,410.0
2755,410.0
2756,410.0
2757,410.0
2758,410.0
2759,410.0
2760,410.0
2761,410.0
2762,410.0
2763,409.0
2764,409.0
2765,409.0
2766,410.0
2767,409.0
2768,409.0
2769,409.0
2770,409.0
2771,409.0
2772,409.0
2773,409.0
2774,409.0
2775,409.0
2776,408.0
2777,408.0
2778,408.0
2779,408.0
2780,408.0
2781,408.0
2782,408.0
2783,408.0
2784,408.0
2785,408.0
2786,408.0
2787,408.0
2788,408.0
2789,408.0
2790,407.0
2791,407.0
2792,407.0
2793,407.0
2794,407.0
2795,407.0
2796,407.0
2797,407.0
2798,407.0
2799,407.0
2800,407.0
2801,406.0
2802,406.0
2803,406.0
2804,406.0
2805,406.0
2806,406.0
2807,406.0
2808,406.0
2809,406.0
2810,406.0
2811,406.0
2812,406.0
2813,405.0
2814,405.0
2815,405.0
2816,405.0
2817,405.0
2818,405.0
2819,405.0
2820,405.0
2821,405.0
2822,405.0
2823,405.0
2824,405.0
2825,404.0
2826,404.0
2827,404.0
2828,404.0
2829,404.0
2830,404.0
2831,404.0
2832,404.0
2833,404.0
2834,404.0
2835,404.0
2836,404.0
2837,404.0
2838,404.0
2839,403.0
2840,403.0
2841,403.0
2842,403.0
2843,403.0
2844,403.0
2845,403.0
2846,403.0
2847,403.0
2848,403.0
2849,403.0
2850,403.0
2851,402.0
2852,402.0
2853,402.0
2854,402.0
2855,402.0
2856,402.0
2857,402.0
2858,402.0
2859,402.0
2860,402.0
2861,402.0
2862,402.0
2863,402.0
2864,402.0
2865,402.0
2866,401.0
2867,401.0
2868,401.0
2869,401.0
2870,401.0
2871,401.0
2872,401.0
2873,401.0
2874,401.0
2875,401.0
2876,401.0
2877,401.0
2878,401.0
2879,401.0
2880,400.0
2881,400.0
2882,400.0
2883,400.0
2884,400.0
2885,400.0
2886,400.0
2887,400.0
2888,400.0
2889,400.0
2890,400.0
2891,400.0
2892,400.0
2893,400.0
2894,399.0
2895,399.0
2896,400.0
2897,399.0
2898,399.0
2899,399.0
2900,399.0
2901,399.0
2902,399.0
2903,399.0
2904,399.0
2905,399.0
2906,399.0
2907,399.0
2908,399.0
2909,399.0
2910,399.0
2911,399.0
2912,399.0
2913,399.0
2914,399.0
2915,399.0
2916,399.0
2917,398.0
2918,399.0
2919,398.0
2920,398.0
2921,398.0
2922,398.0
2923,398.0
2924,398.0
2925,398.0
2926,398.0
2927,398.0
2928,398.0
2929,398.0
2930,398.0
2931,398.0
2932,398.0
2933,398.0
2934,398.0
2935,398.0
2936,398.0
2937,398.0
2938,398.0
2939,398.0
2940,398.0
2941,398.0
2942,398.0
2943,397.0
2944,398.0
2945,397.0
2946,397.0
2947,397.0
2948,397.0
2949,397.0
2950,397.0
2951,397.0
2952,397.0
2953,397.0
2954,397.0
2955,397.0
2956,397.0
2957,397.0
2958,397.0
2959,397.0
2960,397.0
2961,397.0
2962,397.0
2963,397.0
2964,397.0
2965,397.0
2966,397.0
2967,397.0
2968,397.0
2969,397.0
2970,397.0
2971,397.0
2972,397.0
2973,397.0
2974,397.0
2975,397.0
2976,397.0
2977,397.0
2978,397.0
2979,397.0
2980,397.0
2981,397.0
2982,397.0
2983,397.0
2984,397.0
2985,396.0
2986,397.0
2987,396.0
2988,396.0
2989,397.0
2990,397.0
2991,397.0
2992,397.0
2993,397.0
2994,397.0
2995,397.0
2996,397.0
2997,397.0
2998,397.0
2999,397.0
3000,397.0
3001,397.0
3002,397.0
3003,397.0
3004,397.0
3005,397.0
3006,397.0
3007,397.0
3008,397.0
3009,397.0
3010,397.0
3011,397.0
3012,397.0
3013,397.0
3014,397.0
3015,397.0
3016,397.0
3017,397.0
3018,397.0
3019,397.0
3020,397.0
3021,397.0
3022,397.0
3023,397.0
3024,397.0
3025,397.0
3026,397.0
3027,397.0
3028,397.0
3029,397.0
3030,397.0
3031,397.0
3032,398.0
3033,397.0
3034,397.0
3035,397.0
3036,397.0
3037,397.0
3038,397.0
3039,397.0
3040,397.0
3041,398.0
3042,397.0
3043,398.0
3044,398.0
3045,398.0
3046,398.0
3047,398.0
3048,398.0
3049,398.0
3050,398.0
3051,398.0
3052,398.0
3053,398.0
3054,398.0
3055,398.0
3056,398.0
3057,398.0
3058,398.0
3059,398.0
3060,398.0
3061,398.0
3062,398.0
3063,398.0
3064,398.0
3065,398.0
3066,398.0
3067,398.0
3068,399.0
3069,399.0
3070,399.0
3071,399.0
3072,399.0
3073,399.0
3074,399.0
3075,399.0
3076,399.0
3077,399.0
3078,399.0
3079,399.0
3080,399.0
3081,399.0
3082,399.0
3083,399.0
3084,399.0
3085,399.0
3086,399.0
3087,399.0
3088,400.0
3089,400.0
3090,400.0
3091,400.0
3092,400.0
3093,400.0
3094,400.0
3095,400.0
3096,400.0
3097,400.0
3098,400.0
3099,400.0
3100,400.0
3101,400.0
3102,400.0
3103,400.0
3104,400.0
3105,400.0
3106,401.0
3107,401.0
3108,401.0
3109,401.0
3110,401.0
3111,401.0
3112,401.0
3113,401.0
3114,401.0
3115,401.0
3116,401.0
3117,401.0
3118,401.0
3119,402.0
3120,402.0
3121,402.0
3122,402.0
3123,402.0
3124,402.0
3125,402.0
3126,402.0
3127,402.0
3128,402.0
3129,402.0
3130,402.0
3131,402.0
3132,402.0
3133,402.0
3134,403.0
3135,403.0
3136,403.0
3137,403.0
3138,403.0
3139,403.0
3140,403.0
3141,403.0
3142,403.0
3143,403.0
3144,403.0
3145,403.0
3146,404.0
3147,403.0
3148,404.0
3149,404.0
3150,404.0
3151,404.0
3152,404.0
3153,404.0
3154,404.0
3155,404.0
3156,405.0
3157,404.0
3158,404.0
3159,404.0
3160,404.0
3161,405.0
3162,405.0
3163,405.0
3164,405.0
3165,405.0
3166,405.0
3167,405.0
3168,405.0
3169,406.0
3170,405.0
3171,406.0
3172,406.0
3173,406.0
3174,406.0
3175,406.0
3176,406.0
3177,406.0
3178,406.0
3179,406.0
3180,406.0
3181,407.0
3182,406.0
3183,407.0
3184,406.0
3185,407.0
3186,407.0
3187,407.0
3188,407.0
3189,407.0
3190,407.0
3191,407.0
3192,407.0
3193,407.0
3194,407.0
3195,407.0
3196,407.0
3197,408.0
3198,408.0
3199,408.0
3200,408.0
3201,408.0
3202,408.0
3203,408.0
3204,408.0
3205,408.0
3206,408.0
3207,408.0
3208,408.0
3209,408.0
3210,409.0
3211,409.0
3212,409.0
3213,409.0
3214,409.0
3215,409.0
3216,409.0
3217,410.0
3218,409.0
3219,409.0
3220,410.0
3221,410.0
3222,410.0
3223,410.0
3224,410.0
3225,410.0
3226,410.0
3227,410.0
3228,410.0
3229,410.0
3230,410.0
3231,410.0
3232,411.0
3233,411.0
3234,410.0
3235,410.0
3236,411.0
3237,411.0
3238,411.0
3239,411.0
3240,411.0
3241,411.0
3242,411.0
3243,412.0
3244,412.0
3245,411.0
3246,411.0
3247,411.0
3248,411.0
3249,412.0
3250,412.0
3251,412.0
3252,412.0
3253,412.0
3254,412.0
3255,412.0
3256,412.0
3257,412.0
3258,412.0
3259,412.0
3260,412.0
3261,412.0
3262,413.0
3263,413.0
3264,413.0
3265,413.0
3266,413.0
3267,413.0
3268,413.0
3269,413.0
3270,413.0
3271,413.0
3272,413.0
3273,413.0
3274,413.0
3275,413.0
3276,414.0
3277,414.0
3278,414.0
3279,414.0
3280,414.0
3281,414.0
3282,414.0
3283,414.0
3284,414.0
3285,414.0
3286,414.0
3287,414.0
3288,414.0
3289,414.0
3290,414.0
3291,414.0
3292,415.0
3293,415.0
3294,415.0
3295,415.0
3296,415.0
3297,415.0
3298,415.0
3299,415.0
3300,415.0
3301,415.0
3302,415.0
3303,415.0
3304,415.0
3305,415.0
3306,415.0
3307,415.0
3308,415.0
3309,415.0
3310,416.0
3311,415.0
3312,415.0
3313,415.0
3314,415.0
3315,415.0
3316,416.0
3317,416.0
3318,416.0
3319,416.0
3320,416.0
3321,416.0
3322,416.0
3323,416.0
3324,416.0
3325,416.0
3326,416.0
3327,416.0
3328,416.0
3329,416.0
3330,417.0
3331,416.0
3332,416.0
3333,417.0
3334,417.0
3335,416.0
3336,416.0
3337,416.0
3338,416.0
3339,416.0
3340,416.0
3341,416.0
3342,417.0
3343,417.0
3344,417.0
3345,417.0
3346,417.0
3347,417.0
3348,417.0
3349,417.0
3350,417.0
3351,417.0
3352,417.0
3353,417.0
3354,417.0
3355,417.0
3356,417.0
3357,417.0
3358,417.0
3359,417.0
3360,417.0
3361,417.0
3362,417.0
3363,417.0
3364,417.0
3365,417.0
3366,417.0
3367,417.0
3368,417.0
3369,417.0
3370,417.0
3371,417.0
3372,417.0
3373,417.0
3374,417.0
3375,417.0
3376,417.0
3377,417.0
3378,417.0
3379,417.0
3380,417.0
3381,417.0
3382,418.0
3383,417.0
3384,417.0
3385,417.0
3386,417.0
3387,417.0
3388,417.0
3389,417.0
3390,417.0
3391,417.0
3392,417.0
3393,417.0
3394,417.0
3395,417.0
3396,417.0
3397,417.0
3398,417.0
3399,417.0
3400,417.0
3401,417.0
3402,417.0
3403,417.0
3404,417.0
3405,417.0
3406,417.0
3407,417.0
3408,417.0
3409,417.0
3410,417.0
3411,417.0
3412,417.0
3413,417.0
3414,417.0
3415,417.0
3416,417.0
3417,417.0
3418,417.0
3419,417.0
3420,417.0
3421,417.0
3422,417.0
3423,417.0
3424,417.0
3425,417.0
3426,417.0
3427,417.0
3428,417.0
3429,417.0
3430,416.0
3431,416.0
3432,416.0
3433,416.0
3434,416.0
3435,416.0
3436,416.0
3437,416.0
3438,416.0
3439,416.0
3440,416.0
3441,416.0
3442,416.0
3443,416.0
3444,416.0
3445,416.0
3446,416.0
3447,416.0
3448,416.0
3449,416.0
3450,416.0
3451,416.0
3452,416.0
3453,416.0
3454,416.0
3455,415.0
3456,415.0
3457,415.0
3458,415.0
3459,416.0
3460,415.0
3461,415.0
3462,415.0
3463,415.0
3464,415.0
3465,415.0
3466,415.0
3467,415.0
3468,415.0
3469,414.0
3470,415.0
3471,415.0
3472,415.0
3473,415.0
3474,415.0
3475,415.0
3476,415.0
3477,414.0
3478,415.0
3479,415.0
3480,414.0
3481,414.0
3482,414.0
3483,414.0
3484,414.0
3485,414.0
3486,414.0
3487,414.0
3488,414.0
3489,414.0
3490,414.0
3491,414.0
3492,414.0
3493,414.0
3494,413.0
3495,413.0
3496,413.0
3497,413.0
3498,413.0
3499,413.0
3500,413.0
3501,413.0
3502,413.0
3503,413.0
3504,413.0
3505,413.0
3506,413.0
3507,412.0
3508,412.0
3509,412.0
3510,412.0
3511,412.0
3512,412.0
3513,412.0
3514,412.0
3515,412.0
3516,412.0
3517,412.0
3518,412.0
3519,412.0
3520,412.0
3521,411.0
3522,412.0
3523,411.0
3524,411.0
3525,411.0
3526,411.0
3527,411.0
3528,411.0
3529,411.0
3530,411.0
3531,411.0
3532,411.0
3533,411.0
3534,410.0
3535,411.0
3536,410.0
3537,410.0
3538,410.0
3539,410.0
3540,410.0
3541,410.0
3542,410.0
3543,410.0
3544,410.0
3545,410.0
3546,409.0
3547,409.0
3548,409.0
3549,409.0
3550,409.0
3551,409.0
3552,409.0
3553,409.0
3554,409.0
3555,409.0
3556,409.0
3557,409.0
3558,409.0
3559,408.0
3560,408.0
3561,408.0
3562,408.0
3563,408.0
3564,408.0
3565,408.0
3566,408.0
3567,408.0
3568,408.0
3569,408.0
3570,408.0
3571,408.0
3572,408.0
3573,408.0
3574,407.0
3575,407.0
3576,407.0
3577,407.0
3578,407.0
3579,407.0
3580,407.0
3581,407.0
3582,407.0
3583,407.0
3584,407.0
3585,406.0
3586,407.0
3587,406.0
3588,406.0
3589,406.0
3590,406.0
3591,406.0
3592,406.0
3593,406.0
3594,405.0
3595,406.0
3596,406.0
3597,405.0
3598,405.0
3599,405.0
3600,405.0
3601,405.0
3602,405.0
3603,405.0
3604,405.0
3605,405.0
3606,405.0
3607,405.0
3608,405.0
3609,404.0
3610,404.0
3611,404.0
3612,404.0
3613,404.0
3614,404.0
3615,404.0
3616,404.0
3617,404.0
3618,404.0
3619,404.0
3620,404.0
3621,404.0
3622,404.0
3623,404.0
3624,403.0
3625,403.0
3626,403.0
3627,403.0
3628,403.0
3629,403.0
3630,403.0
3631,403.0
3632,403.0
3633,403.0
3634,403.0
3635,402.0
3636,402.0
3637,402.0
3638,402.0
3639,402.0
3640,402.0
3641,402.0
3642,402.0
3643,402.0
3644,402.0
3645,402.0
3646,402.0
3647,402.0
3648,402.0
3649,401.0
3650,401.0
3651,401.0
3652,401.0
3653,401.0
3654,401.0
3655,401.0
3656,401.0
3657,401.0
3658,401.0
3659,401.0
3660,401.0
3661,401.0
3662,401.0
3663,401.0
3664,400.0
3665,400.0
3666,400.0
3667,400.0
3668,400.0
3669,400.0
3670,400.0
3671,400.0
3672,400.0
3673,400.0
3674,400.0
3675,400.0
3676,400.0
3677,399.0
3678,400.0
3679,400.0
3680,400.0
3681,399.0
3682,399.0
3683,399.0
3684,399.0
3685,399.0
3686,399.0
3687,399.0
3688,399.0
3689,399.0
3690,399.0
3691,399.0
3692,399.0
3693,399.0
3694,399.0
3695,399.0
3696,399.0
3697,399.0
3698,399.0
3699,399.0
3700,398.0
3701,398.0
3702,398.0
3703,398.0
3704,398.0
3705,398.0
3706,398.0
3707,398.0
3708,398.0
3709,398.0
3710,398.0
3711,398.0
3712,398.0
3713,398.0
3714,398.0
3715,398.0
3716,398.0
3717,398.0
3718,398.0
3719,398.0
3720,398.0
3721,398.0
3722,398.0
3723,398.0
3724,398.0
3725,398.0
3726,398.0
3727,397.0
3728,397.0
3729,397.0
3730,397.0
3731,397.0
3732,397.0
3733,397.0
3734,397.0
3735,397.0
3736,397.0
3737,397.0
3738,397.0
3739,397.0
3740,397.0
3741,397.0
3742,397.0
3743,397.0
3744,397.0
3745,397.0
3746,397.0
3747,397.0
3748,397.0
3749,397.0
3750,397.0
3751,397.0
3752,397.0
3753,397.0
3754,397.0
3755,397.0
3756,397.0
3757,397.0
3758,397.0
3759,397.0
3760,397.0
3761,397.0
3762,397.0
3763,397.0
3764,397.0
3765,397.0
3766,397.0
3767,397.0
3768,397.0
3769,397.0
3770,397.0
3771,396.0
3772,397.0
3773,397.0
3774,397.0
3775,397.0
3776,397.0
3777,397.0
3778,397.0
3779,397.0
3780,397.0
3781,397.0
3782,397.0
3783,397.0
3784,397.0
3785,397.0
3786,397.0
3787,397.0
3788,397.0
3789,397.0
3790,397.0
3791,397.0
3792,397.0
3793,397.0
3794,397.0
3795,397.0
3796,397.0
3797,397.0
3798,397.0
3799,397.0
3800,397.0
3801,397.0
3802,397.0
3803,397.0
3804,397.0
3805,397.0
3806,397.0
3807,397.0
3808,397.0
3809,397.0
3810,397.0
3811,397.0
3812,397.0
3813,397.0
3814,397.0
3815,397.0
3816,397.0
3817,397.0
3818,397.0
3819,397.0
3820,397.0
3821,397.0
3822,397.0
3823,397.0
3824,398.0
3825,397.0
3826,398.0
3827,398.0
3828,398.0
3829,398.0
3830,398.0
3831,398.0
3832,398.0
3833,398.0
3834,398.0
3835,398.0
3836,398.0
3837,398.0
3838,398.0
3839,398.0
3840,398.0
3841,398.0
3842,398.0
3843,398.0
3844,398.0
3845,398.0
3846,398.0
3847,398.0
3848,398.0
3849,398.0
3850,398.0
3851,398.0
3852,399.0
3853,399.0
3854,399.0
3855,399.0
3856,399.0
3857,399.0
3858,399.0
3859,399.0
3860,399.0
3861,399.0
3862,399.0
3863,399.0
3864,399.0
3865,399.0
3866,399.0
3867,399.0
3868,399.0
3869,399.0
3870,399.0
3871,400.0
3872,400.0
3873,399.0
3874,400.0
3875,400.0
3876,400.0
3877,400.0
3878,400.0
3879,400.0
3880,400.0
3881,400.0
3882,400.0
3883,400.0
3884,400.0
3885,400.0
3886,400.0
3887,400.0
3888,400.0
3889,400.0
3890,401.0
3891,401.0
3892,401.0
3893,401.0
3894,401.0
3895,401.0
3896,401.0
3897,401.0
3898,401.0
3899,401.0
3900,401.0
3901,401.0
3902,401.0
3903,402.0
3904,402.0
3905,402.0
3906,402.0
3907,402.0
3908,402.0
3909,402.0
3910,402.0
3911,402.0
3912,402.0
3913,402.0
3914,402.0
3915,402.0
3916,403.0
3917,403.0
3918,403.0
3919,403.0
3920,403.0
3921,403.0
3922,403.0
3923,403.0
3924,403.0
3925,403.0
3926,403.0
3927,403.0
3928,403.0
3929,403.0
3930,404.0
3931,404.0
3932,404.0
3933,404.0
3934,404.0
3935,404.0
3936,404.0
3937,404.0
3938,404.0
3939,404.0
3940,404.0
3941,404.0
3942,404.0
3943,405.0
3944,405.0
3945,405.0
3946,405.0
3947,405.0
3948,405.0
3949,405.0
3950,405.0
3951,405.0
3952,405.0
3953,405.0
3954,405.0
3955,406.0
3956,406.0
3957,406.0
3958,406.0
3959,406.0
3960,406.0
3961,406.0
3962,406.0
3963,406.0
3964,406.0
3965,406.0
3966,406.0
3967,406.0
3968,407.0
3969,407.0
3970,407.0
3971,407.0
3972,407.0
3973,407.0
3974,407.0
3975,407.0
3976,407.0
3977,407.0
3978,407.0
3979,408.0
3980,408.0
3981,408.0
3982,408.0
3983,408.0
3984,408.0
3985,408.0
3986,408.0
3987,408.0
3988,408.0
3989,408.0
3990,408.0
3991,408.0
3992,408.0
3993,409.0
3994,409.0
3995,409.0
3996,409.0
3997,409.0
3998,409.0
3999,409.0
4000,409.0
4001,409.0
4002,410.0
4003,410.0
4004,409.0
4005,410.0
4006,410.0
4007,410.0
4008,410.0
4009,410.0
4010,410.0
4011,410.0
4012,410.0
4013,410.0
4014,410.0
4015,410.0
4016,410.0
4017,410.0
4018,411.0
4019,411.0
4020,411.0
4021,411.0
4022,411.0
4023,411.0
4024,411.0
4025,411.0
4026,411.0
4027,411.0
4028,411.0
4029,411.0
4030,411.0
4031,411.0
4032,412.0
4033,412.0
4034,412.0
4035,412.0
4036,412.0
4037,412.0
4038,412.0
4039,412.0
4040,412.0
4041,412.0
4042,412.0
4043,412.0
4044,413.0
4045,413.0
4046,413.0
4047,413.0
4048,413.0
4049,413.0
4050,413.0
4051,413.0
4052,413.0
4053,413.0
4054,413.0
4055,413.0
4056,413.0
4057,413.0
4058,413.0
4059,413.0
4060,414.0
4061,414.0
4062,414.0
4063,414.0
4064,414.0
4065,414.0
4066,414.0
4067,414.0
4068,414.0
4069,414.0
4070,414.0
4071,414.0
4072,414.0
4073,414.0
4074,415.0
4075,415.0
4076,415.0
4077,415.0
4078,415.0
4079,415.0
4080,415.0
4081,415.0
4082,415.0
4083,415.0
4084,415.0
4085,415.0
4086,415.0
4087,415.0
4088,415.0
4089,415.0
4090,416.0
4091,415.0
4092,415.0
4093,415.0
4094,415.0
4095,415.0
4096,416.0
4097,416.0
4098,416.0
4099,416.0
4100,416.0
4101,416.0
4102,416.0
4103,416.0
4104,416.0
4105,416.0
4106,416.0
4107,416.0
4108,416.0
4109,416.0
4110,416.0
4111,416.0
4112,416.0
4113,416.0
4114,416.0
4115,416.0
4116,417.0
4117,416.0
4118,416.0
4119,417.0
4120,416.0
4121,416.0
4122,416.0
4123,416.0
4124,416.0
4125,417.0
4126,417.0
4127,417.0
4128,417.0
4129,417.0
4130,417.0
4131,417.0
4132,417.0
4133,417.0
4134,417.0
4135,417.0
4136,417.0
4137,417.0
4138,417.0
4139,417.0
4140,417.0
4141,417.0
4142,417.0
4143,417.0
4144,417.0
4145,417.0
4146,417.0
4147,417.0
4148,417.0
4149,417.0
4150,417.0
4151,418.0
4152,417.0
4153,417.0
4154,417.0
4155,417.0
4156,417.0
4157,417.0
4158,417.0
4159,417.0
4160,417.0
4161,417.0
4162,417.0
4163,417.0
4164,417.0
4165,417.0
4166,417.0
4167,417.0
4168,417.0
4169,417.0
4170,417.0
4171,417.0
4172,417.0
4173,417.0
4174,417.0
4175,417.0
4176,417.0
4177,417.0
4178,417.0
4179,417.0
4180,417.0
4181,417.0
4182,417.0
4183,417.0
4184,417.0
4185,417.0
4186,417.0
4187,417.0
4188,417.0
4189,417.0
4190,417.0
4191,417.0
4192,417.0
4193,417.0
4194,417.0
4195,417.0
4196,417.0
4197,417.0
4198,417.0
4199,417.0
4200,417.0
4201,417.0
4202,417.0
4203,417.0
4204,417.0
4205,417.0
4206,417.0
4207,417.0
4208,417.0
4209,417.0
4210,417.0
4211,416.0
4212,416.0
4213,416.0
4214,416.0
4215,416.0
4216,416.0
4217,416.0
4218,416.0
4219,416.0
4220,416.0
4221,416.0
4222,416.0
4223,416.0
4224,416.0
4225,416.0
4226,416.0
4227,416.0
4228,416.0
4229,416.0
4230,416.0
4231,416.0
4232,416.0
4233,416.0
4234,416.0
4235,416.0
4236,416.0
4237,416.0
4238,415.0
4239,415.0
4240,415.0
4241,415.0
4242,415.0
4243,415.0
4244,415.0
4245,416.0
4246,416.0
4247,416.0
4248,415.0
4249,415.0
4250,415.0
4251,415.0
4252,415.0
4253,415.0
4254,415.0
4255,415.0
4256,415.0
4257,415.0
4258,415.0
4259,415.0
4260,414.0
4261,415.0
4262,414.0
4263,414.0
4264,414.0
4265,414.0
4266,414.0
4267,414.0
4268,414.0
4269,414.0
4270,414.0
4271,414.0
4272,414.0
4273,414.0
4274,414.0
4275,414.0
4276,414.0
4277,413.0
4278,413.0
4279,413.0
4280,413.0
4281,413.0
4282,413.0
4283,413.0
4284,413.0
4285,413.0
4286,413.0
4287,413.0
4288,413.0
4289,413.0
4290,413.0
4291,412.0
4292,413.0
4293,412.0
4294,412.0
4295,412.0
4296,412.0
4297,412.0
4298,412.0
4299,412.0
4300,412.0
4301,412.0
4302,412.0
4303,411.0
4304,412.0
4305,411.0
4306,411.0
4307,411.0
4308,411.0
4309,411.0
4310,411.0
4311,411.0
4312,411.0
4313,411.0
4314,411.0
4315,411.0
4316,410.0
4317,410.0
4318,410.0
4319,410.0
4320,410.0
4321,410.0
4322,410.0
4323,410.0
4324,410.0
4325,410.0
4326,410.0
4327,410.0
4328,410.0
4329,410.0
4330,410.0
4331,409.0
4332,409.0
4333,409.0
4334,409.0
4335,409.0
4336,409.0
4337,409.0
4338,409.0
4339,409.0
4340,409.0
4341,409.0
4342,408.0
4343,408.0
4344,408.0
4345,408.0
4346,408.0
4347,408.0
4348,408.0
4349,408.0
4350,408.0
4351,408.0
4352,408.0
4353,408.0
4354,408.0
4355,407.0
4356,407.0
4357,407.0
4358,407.0
4359,407.0
4360,407.0
4361,407.0
4362,407.0
4363,407.0
4364,407.0
4365,407.0
4366,407.0
4367,406.0
4368,406.0
4369,407.0
4370,406.0
4371,406.0
4372,406.0
4373,406.0
4374,406.0
4375,406.0
4376,406.0
4377,406.0
4378,406.0
4379,406.0
4380,406.0
4381,405.0
4382,405.0
4383,405.0
4384,405.0
4385,405.0
4386,405.0
4387,405.0
4388,405.0
4389,405.0
4390,405.0
4391,405.0
4392,405.0
4393,405.0
4394,405.0
4395,404.0
4396,404.0
4397,404.0
4398,404.0
4399,404.0
4400,404.0
4401,404.0
4402,404.0
4403,404.0
4404,404.0
4405,404.0
4406,403.0
4407,403.0
4408,403.0
4409,403.0
4410,403.0
4411,403.0
4412,403.0
4413,403.0
4414,403.0
4415,403.0
4416,403.0
4417,402.0
4418,403.0
4419,402.0
4420,402.0
4421,402.0
4422,402.0
4423,402.0
4424,402.0
4425,402.0
4426,402.0
4427,402.0
4428,402.0
4429,402.0
4430,402.0
4431,401.0
4432,401.0
4433,401.0
4434,401.0
4435,401.0
4436,401.0
4437,401.0
4438,401.0
4439,401.0
4440,401.0
4441,401.0
4442,401.0
4443,401.0
4444,401.0
4445,401.0
4446,401.0
4447,400.0
4448,400.0
4449,400.0
4450,400.0
4451,400.0
4452,401.0
4453,400.0
4454,400.0
4455,400.0
4456,400.0
4457,400.0
4458,400.0
4459,400.0
4460,400.0
4461,400.0
4462,400.0
4463,399.0
4464,399.0
4465,399.0
4466,400.0
4467,399.0
4468,399.0
4469,399.0
4470,399.0
4471,399.0
4472,399.0
4473,399.0
4474,399.0
4475,399.0
4476,399.0
4477,399.0
4478,399.0
4479,399.0
4480,399.0
4481,399.0
4482,399.0
4483,398.0
4484,398.0
4485,398.0
4486,398.0
4487,398.0
4488,398.0
4489,398.0
4490,398.0
4491,398.0
4492,398.0
4493,398.0
4494,398.0
4495,398.0
4496,398.0
4497,398.0
4498,398.0
4499,398.0
4500,398.0
4501,398.0
4502,398.0
4503,398.0
4504,398.0
4505,398.0
4506,398.0
4507,398.0
4508,398.0
4509,398.0
4510,397.0
4511,397.0
4512,397.0
4513,397.0
4514,397.0
4515,397.0
4516,397.0
4517,397.0
4518,397.0
4519,397.0
4520,397.0
4521,397.0
4522,397.0
4523,397.0
4524,397.0
4525,397.0
4526,397.0
4527,397.0
4528,397.0
4529,397.0
4530,397.0
4531,397.0
4532,397.0
4533,397.0
4534,397.0
4535,397.0
4536,397.0
4537,397.0
4538,397.0
4539,397.0
4540,397.0
4541,397.0
4542,397.0
4543,397.0
4544,397.0
4545,397.0
4546,397.0
4547,397.0
4548,397.0
4549,397.0
4550,397.0
4551,397.0
4552,397.0
4553,397.0
4554,397.0
4555,397.0
4556,397.0
4557,397.0
4558,397.0
4559,397.0
4560,397.0
4561,397.0
4562,397.0
4563,397.0
4564,397.0
4565,397.0
4566,397.0
4567,397.0
4568,397.0
4569,397.0
4570,397.0
4571,397.0
4572,397.0
4573,397.0
4574,397.0
4575,397.0
4576,397.0
4577,397.0
4578,397.0
4579,397.0
4580,397.0
4581,397.0
4582,397.0
4583,397.0
4584,397.0
4585,397.0
4586,397.0
4587,397.0
4588,397.0
4589,397.0
4590,397.0
4591,397.0
4592,397.0
4593,397.0
4594,397.0
4595,397.0
4596,397.0
4597,397.0
4598,397.0
4599,397.0
4600,397.0
4601,397.0
4602,397.0
4603,397.0
4604,397.0
4605,397.0
4606,397.0
4607,397.0
4608,398.0
4609,398.0
4610,398.0
4611,398.0
4612,398.0
4613,398.0
4614,398.0
4615,398.0
4616,398.0
4617,398.0
4618,398.0
4619,398.0
4620,398.0
4621,398.0
4622,398.0
4623,398.0
4624,398.0
4625,398.0
4626,398.0
4627,398.0
4628,398.0
4629,398.0
4630,398.0
4631,398.0
4632,398.0
4633,398.0
4634,398.0
4635,399.0
4636,399.0
4637,399.0
4638,399.0
4639,399.0
4640,399.0
4641,399.0
4642,399.0
4643,399.0
4644,399.0
4645,399.0
4646,399.0
4647,399.0
4648,399.0
4649,399.0
4650,399.0
4651,400.0
4652,399.0
4653,400.0
4654,399.0
4655,399.0
4656,399.0
4657,400.0
4658,400.0
4659,400.0
4660,400.0
4661,400.0
4662,400.0
4663,400.0
4664,400.0
4665,400.0
4666,400.0
4667,400.0
4668,400.0
4669,400.0
4670,400.0
4671,400.0
4672,400.0
4673,400.0
4674,401.0
4675,401.0
4676,401.0
4677,401.0
4678,401.0
4679,401.0
4680,401.0
4681,401.0
4682,401.0
4683,401.0
4684,401.0
4685,401.0
4686,401.0
4687,402.0
4688,402.0
4689,402.0
4690,402.0
4691,402.0
4692,402.0
4693,402.0
4694,402.0
4695,402.0
4696,402.0
4697,402.0
4698,402.0
4699,402.0
4700,403.0
4701,402.0
4702,403.0
4703,403.0
4704,403.0
4705,403.0
4706,403.0
4707,403.0
4708,403.0
4709,403.0
4710,403.0
4711,403.0
4712,403.0
4713,403.0
4714,404.0
4715,404.0
4716,404.0
4717,404.0
4718,404.0
4719,404.0
4720,404.0
4721,404.0
4722,404.0
4723,404.0
4724,404.0
4725,404.0
4726,404.0
4727,405.0
4728,405.0
4729,405.0
4730,405.0
4731,405.0
4732,405.0
4733,405.0
4734,405.0
4735,405.0
4736,405.0
4737,405.0
4738,405.0
4739,406.0
4740,406.0
4741,406.0
4742,406.0
4743,406.0
4744,406.0
4745,406.0
4746,406.0
4747,406.0
4748,406.0
4749,406.0
4750,406.0
4751,407.0
4752,407.0
4753,407.0
4754,407.0
4755,407.0
4756,407.0
4757,407.0
4758,407.0
4759,407.0
4760,407.0
4761,407.0
4762,407.0
4763,407.0
4764,408.0
4765,408.0
4766,408.0
4767,408.0
4768,408.0
4769,408.0
4770,408.0
4771,409.0
4772,408.0
4773,409.0
4774,408.0
4775,408.0
4776,409.0
4777,408.0
4778,409.0
4779,409.0
4780,409.0
4781,409.0
4782,409.0
4783,409.0
4784,409.0
4785,409.0
4786,409.0
4787,409.0
4788,409.0
4789,410.0
4790,410.0
4791,410.0
4792,410.0
4793,410.0
4794,410.0
4795,410.0
4796,410.0
4797,410.0
4798,410.0
4799,410.0
4800,410.0
4801,410.0
4802,411.0
4803,411.0
4804,411.0
4805,411.0
4806,411.0
4807,411.0
4808,411.0
4809,411.0
4810,411.0
4811,411.0
4812,411.0
4813,412.0
4814,412.0
4815,412.0
4816,412.0
4817,412.0
4818,412.0
4819,412.0
4820,412.0
4821,412.0
4822,412.0
4823,413.0
4824,413.0
4825,412.0
4826,413.0
4827,413.0
4828,413.0
4829,413.0
4830,413.0
4831,413.0
4832,413.0
4833,413.0
4834,413.0
4835,413.0
4836,413.0
4837,413.0
4838,413.0
4839,413.0
4840,413.0
4841,413.0
4842,414.0
4843,413.0
4844,414.0
4845,414.0
4846,414.0
4847,414.0
4848,414.0
4849,414.0
4850,414.0
4851,414.0
4852,414.0
4853,414.0
4854,414.0
4855,414.0
4856,414.0
4857,414.0
4858,415.0
4859,415.0
4860,415.0
4861,415.0
4862,415.0
4863,415.0
4864,415.0
4865,415.0
4866,415.0
4867,415.0
4868,415.0
4869,415.0
4870,415.0
4871,415.0
4872,415.0
4873,415.0
4874,415.0
4875,415.0
4876,415.0
4877,416.0
4878,416.0
4879,416.0
4880,416.0
4881,415.0
4882,416.0
4883,416.0
4884,416.0
4885,416.0
4886,416.0
4887,416.0
4888,416.0
4889,416.0
4890,416.0
4891,416.0
4892,416.0
4893,416.0
4894,416.0
4895,416.0
4896,416.0
4897,416.0
4898,416.0
4899,416.0
4900,416.0
4901,416.0
4902,416.0
4903,416.0
4904,416.0
4905,416.0
4906,416.0
4907,416.0
4908,417.0
4909,417.0
4910,417.0
4911,417.0
4912,417.0
4913,417.0
4914,417.0
4915,417.0
4916,417.0
4917,417.0
4918,417.0
4919,417.0
4920,417.0
4921,417.0
4922,417.0
4923,417.0
4924,417.0
4925,417.0
4926,417.0
4927,417.0
4928,417.0
4929,417.0
4930,417.0
4931,417.0
4932,417.0
4933,417.0
4934,417.0
4935,417.0
4936,417.0
4937,417.0
4938,417.0
4939,417.0
4940,417.0
4941,417.0
4942,417.0
4943,417.0
4944,417.0
4945,417.0
4946,417.0
4947,417.0
4948,417.0
4949,417.0
4950,417.0
4951,417.0
4952,417.0
4953,417.0
4954,417.0
4955,417.0
4956,417.0
4957,417.0
4958,417.0
4959,417.0
4960,417.0
4961,417.0
4962,417.0
4963,417.0
4964,417.0
4965,417.0
4966,417.0
4967,417.0
4968,417.0
4969,417.0
4970,417.0
4971,417.0
4972,417.0
4973,417.0
4974,417.0
4975,417.0
4976,417.0
4977,417.0
4978,417.0
4979,417.0
4980,417.0
4981,417.0
4982,417.0
4983,417.0
4984,417.0
4985,417.0
4986,417.0
4987,417.0
4988,417.0
4989,417.0
4990,417.0
4991,417.0
4992,417.0
4993,417.0
4994,416.0
4995,416.0
4996,416.0
4997,416.0
4998,416.0
4999,416.0
